{
  "id": "",
  "name": "",
  "font_family": "iconfont",
  "css_prefix_text": "icon-",
  "description": "",
  "glyphs": [
    {
      "icon_id": "614834",
      "name": "24_话费",
      "font_class": "24huafei",
      "unicode": "e66f",
      "unicode_decimal": 58991
    },
    {
      "icon_id": "3092306",
      "name": "时钟",
      "font_class": "shizhong",
      "unicode": "e78b",
      "unicode_decimal": 59275
    },
    {
      "icon_id": "4516199",
      "name": "电话卡",
      "font_class": "dianhuaqia",
      "unicode": "e733",
      "unicode_decimal": 59187
    },
    {
      "icon_id": "6241499",
      "name": "房子地产",
      "font_class": "fangzidichan",
      "unicode": "e627",
      "unicode_decimal": 58919
    },
    {
      "icon_id": "19729057",
      "name": "金钱交易",
      "font_class": "transaction",
      "unicode": "ebff",
      "unicode_decimal": 60415
    },
    {
      "icon_id": "25778126",
      "name": "ff",
      "font_class": "ff",
      "unicode": "e652",
      "unicode_decimal": 58962
    }
  ]
}
